{"loss_pde_vy":0.32558926939964294,"loss_data_u":1.0441728830337524,"_step":50000,"loss_pde_vx":1.551897644996643,"_timestamp":1.7499053297004762e+09,"loss_pde":2.4246723651885986,"rho":8.739368438720703,"loss_data_p":4.9283294677734375,"loss_data":6.064793586730957,"_runtime":441.789333023,"_wandb":{"runtime":441},"loss_data_v":0.09229115396738052,"viscosity":0.00010955539619317278,"loss_pde_cont":0.547185480594635,"total_loss":8.489465713500977}