{"loss_data":37.14598083496094,"_timestamp":1.7498887080292757e+09,"viscosity":0.004955024924129248,"loss_data_u":2.886359691619873,"loss_data_p":34.154212951660156,"_wandb":{"runtime":70},"loss_pde_vx":2.993098439678005e-20,"rho":9.911907196044922,"loss_pde_cont":7.637031843204275e-24,"_step":3000,"total_loss":185.7299041748047,"loss_data_v":0.10540955513715744,"loss_pde_vy":8.535433595071042e-21,"_runtime":70.253033931,"loss_pde":3.8474057295613704e-20}