{"loss_data":2052.030029296875,"loss_data_p":2021.1480712890625,"loss_data_v":13.501123428344727,"loss_pde_cont":83507.8125,"loss_pde_vy":4867.1630859375,"loss_pde":2.40394775e+06,"total_loss":2.414208e+06,"_runtime":39.3485626,"loss_pde_vx":2.31557275e+06,"viscosity":0.00496402382850647,"rho":99.92842864990234,"loss_data_u":17.380741119384766,"_timestamp":1.749796753677232e+09,"_step":371,"_wandb":{"runtime":39}}