{"loss_pde_cont":0.30889514088630676,"_step":100000,"viscosity":-0.0019359621219336987,"loss_data_u":0.7013241052627563,"loss_data_v":0.096472829580307,"_runtime":889.154567835,"loss_pde":1.7128376960754395,"loss_pde_vx":2.152803659439087,"loss_data":5.603814125061035,"rho":15.534939765930176,"_timestamp":1.749910983245463e+09,"total_loss":7.316651821136475,"loss_pde_vy":0.2183605432510376,"loss_data_p":3.0174777507781982,"_wandb":{"runtime":889}}