{"loss_pde_vx":1.887233945507827e-11,"loss_data_v":0.10707272589206696,"loss_data":44.59346389770508,"_step":6262,"_wandb":{"runtime":114},"loss_pde_vy":1.421802230800167e-14,"rho":9.92895221710205,"loss_data_p":34.15154266357422,"viscosity":0.004929034970700741,"loss_pde":1.8886569391751706e-11,"total_loss":222.96731567382812,"loss_data_u":10.334848403930664,"loss_pde_cont":1.247852412053608e-17,"_timestamp":1.7498341288114216e+09,"_runtime":114.780645318}