{"loss_pde_vy":0.48913300037384033,"loss_data_p":45.501216888427734,"loss_data_v":0.1287219375371933,"_wandb":{"runtime":447},"viscosity":0.016371281817555428,"loss_data":462.75177001953125,"loss_pde":20.871540069580078,"_step":48480,"loss_data_u":4.159633159637451,"rho":95.16429901123047,"loss_pde_cont":0.05242579057812691,"_runtime":447.774817973,"_timestamp":1.7499191382126863e+09,"total_loss":709.2290649414062,"loss_pde_vx":1.5455951690673828}