{"_wandb":{"runtime":519},"loss_data_v":0.10707272589206696,"viscosity":0.07845120877027512,"loss_pde_vx":3.694421867359672e-15,"loss_data":41.98494338989258,"_step":29706,"_runtime":519.051160367,"loss_pde_vy":3.1096547998274784e-14,"rho":100.11371612548828,"loss_data_u":7.697158336639404,"loss_data_p":34.18071365356445,"loss_pde_cont":1.0440902458782475e-19,"_timestamp":1.7497932516094518e+09,"total_loss":41.98494338989258,"loss_pde":3.479107532123639e-14}