{"viscosity":0.0048553538508713245,"loss_pde_vx":1.7280997037887573,"loss_data":10.735832214355469,"rho":192.8213653564453,"loss_data_p":3.1161935329437256,"_timestamp":1.7497923592696126e+09,"total_loss":13.169502258300781,"epoch":38965,"loss_data_v":0.1076417937874794,"_step":38965,"_runtime":294.839052084,"loss_data_u":7.511996746063232,"loss_pde":2.4336698055267334,"_wandb":{"runtime":294},"loss_pde_vy":0.7001371383666992,"loss_pde_cont":0.005432919133454561}