{"rho":11.462518692016602,"viscosity":-0.0005886931321583688,"loss_pde_cont":0.446347713470459,"_step":2095,"loss_data_v":0.09320766478776932,"loss_pde":1.8430931568145752,"total_loss":8.472228050231934,"_runtime":20.078646867,"loss_data":6.6291351318359375,"loss_pde_vy":0.24804624915122986,"loss_data_p":3.720205307006836,"loss_data_u":0.8142971396446228,"_wandb":{"runtime":20},"loss_pde_vx":2.0493521690368652,"_timestamp":1.749907759816271e+09}