{"_timestamp":1.7497936945466983e+09,"viscosity":0.005051048472523689,"rho":99.89359283447266,"total_loss":209.77784729003906,"loss_pde_cont":9.63057112756624e-20,"loss_data_p":34.15153503417969,"_runtime":290.835416571,"_step":16551,"loss_data":41.955570220947266,"loss_data_u":7.696961879730225,"loss_pde_vy":1.1124483919358304e-15,"loss_pde_vx":2.604772680100259e-14,"_wandb":{"runtime":290},"loss_data_v":0.10707273334264755,"loss_pde":2.716027238996912e-14}