{"loss_data_u":19.77077293395996,"viscosity":0.005075859371572733,"_timestamp":1.7498826524196844e+09,"loss_data":54.027008056640625,"loss_data_p":34.15153121948242,"loss_pde":3.691160910512383e-26,"_runtime":11.750305528,"loss_pde_vx":3.5140699573076256e-26,"loss_pde_cont":0,"total_loss":270.1350402832031,"rho":10.069106101989746,"_wandb":{"runtime":11},"loss_pde_vy":1.7709101098265573e-27,"loss_data_v":0.10470618307590485,"_step":566}