{"viscosity":-0.0012944998452439904,"loss_pde_vx":2.185283899307251,"_wandb":{"runtime":886},"_timestamp":1.749909950395178e+09,"loss_data_u":0.7231757640838623,"loss_pde_cont":0.32003942131996155,"loss_pde":1.7318966388702393,"_step":100000,"loss_data":5.738022804260254,"loss_data_v":0.09565883874893188,"loss_data_p":3.0902016162872314,"rho":14.973688125610352,"loss_pde_vy":0.212810218334198,"_runtime":886.013448623,"total_loss":7.469919204711914}