{"_runtime":7.075047435,"loss_pde_vx":0.911527156829834,"_wandb":{"runtime":7},"total_loss":39.16959762573242,"viscosity":0.007982158102095127,"loss_pde_vy":0.16397230327129364,"_timestamp":1.7499168036290739e+09,"loss_data_p":33.00979232788086,"_step":627,"loss_data_v":0.10913669317960739,"loss_data_u":4.969796657562256,"rho":8.310844421386719,"loss_pde":1.0770318508148193,"loss_data":38.08872604370117,"loss_pde_cont":0.0015324522973969579}