{"total_loss":251.95448303222656,"_runtime":716.777435872,"rho":92.66797637939453,"_step":75103,"loss_pde":0.03233107551932335,"_timestamp":1.7499199113390896e+09,"_wandb":{"runtime":716},"loss_pde_cont":8.40194206830347e-06,"loss_data_u":3.4986977577209473,"loss_data_v":0.10791277885437012,"loss_data":217.24435424804688,"viscosity":0.08658028393983841,"loss_pde_vy":0.0020250107627362013,"loss_data_p":41.769893646240234,"loss_pde_vx":0.0011996946996077895}