{"loss_pde_vy":0.0009708577417768538,"_wandb":{"runtime":494},"total_loss":36.77849578857422,"loss_data_p":34.227474212646484,"loss_data_u":0.0050626881420612335,"loss_data_v":0.028034096583724022,"_timestamp":1.749918380167763e+09,"_step":54586,"loss_pde_cont":0.0010094594908878207,"_runtime":494.758313572,"loss_pde_vx":0.0008347473340108991,"rho":0.00033754450851120055,"loss_pde":0.2815064489841461,"viscosity":2.6717447326518595e-05,"loss_data":35.01408386230469}