{"_step":273,"loss_data_u":19.77077293395996,"loss_data_v":0.10470618307590485,"loss_data":54.027015686035156,"_runtime":6.045773138,"rho":10.069106101989746,"loss_pde_vx":3.513965803016233e-26,"loss_pde_vy":1.770857339346081e-27,"_wandb":{"runtime":6},"viscosity":0.005075859371572733,"loss_pde_cont":0,"loss_data_p":34.15153884887695,"total_loss":270.13507080078125,"loss_pde":3.691051517691542e-26,"_timestamp":1.749882626878738e+09}