{"loss_pde_vx":4.583629131317139,"_step":100000,"total_loss":8.512014389038086,"loss_data_u":0.6914268732070923,"viscosity":-0.0024281153455376625,"loss_data_v":0.09675587713718414,"loss_pde_cont":0.30148550868034363,"_wandb":{"runtime":892},"loss_pde_vy":0.2575327754020691,"loss_data_p":2.974355459213257,"rho":15.857019424438477,"loss_pde":2.9795992374420166,"_runtime":892.199214559,"loss_data":5.532415390014648,"_timestamp":1.7499119293590128e+09}