{"loss_data":5.637154579162598,"_step":50000,"_wandb":{"runtime":444},"loss_data_u":1.000580906867981,"_runtime":444.751412038,"_timestamp":1.7499060048643522e+09,"loss_pde_cont":0.48182573914527893,"loss_pde_vx":1.3687496185302734,"loss_data_p":4.543764114379883,"rho":9.806961059570312,"loss_data_v":0.09280983358621597,"loss_pde_vy":0.292606920003891,"viscosity":-0.00020966873853467405,"total_loss":7.780336856842041,"loss_pde":2.1431822776794434}