{"loss_pde":6.345480869640596e-06,"loss_data_u":10.122109413146973,"loss_data_p":34.15153884887695,"loss_data_v":0.10707271099090576,"loss_data":44.38072204589844,"_runtime":1337.698060648,"_timestamp":1.7497988753265693e+09,"viscosity":0.00432326877489686,"_step":50000,"loss_pde_vy":1.7948777186749254e-10,"rho":99.19093322753906,"loss_pde_cont":5.445182083008149e-09,"_wandb":{"runtime":1337},"loss_pde_vx":6.3398560996574815e-06,"total_loss":221.9036102294922}