{"_step":50000,"_timestamp":1.7499075170622118e+09,"viscosity":-0.0005872675683349371,"total_loss":9.17210578918457,"loss_data_p":4.289540767669678,"loss_pde":2.1443698406219482,"loss_pde_cont":0.4540279507637024,"loss_data_u":0.8192757964134216,"loss_data":7.027735710144043,"loss_pde_vx":1.3963556289672852,"loss_data_v":0.093455970287323,"loss_pde_vy":0.2939862012863159,"_wandb":{"runtime":441},"rho":11.191594123840332,"_runtime":441.171587653}