{"_step":4261,"_runtime":87.828498,"loss_pde_cont":6.978949687245995e-22,"loss_pde":6.593265377143531e-20,"viscosity":0.004933845717459917,"loss_data_u":19.75337028503418,"loss_data":54.011390686035156,"loss_data_p":34.153297424316406,"total_loss":270.05694580078125,"_timestamp":1.7498376227636874e+09,"loss_pde_vx":6.444162194321726e-20,"loss_data_v":0.10472569614648819,"_wandb":{"runtime":87},"loss_pde_vy":7.931359002385855e-22,"rho":9.928356170654297}