{"loss_data_u":19.4267578125,"viscosity":-0.01191942673176527,"rho":99.11524963378906,"loss_data":42.672386169433594,"_timestamp":1.74990415871653e+09,"_wandb":{"runtime":278},"loss_data_p":23.139244079589844,"total_loss":249.9615936279297,"loss_pde":36.59965133666992,"loss_pde_vy":6.747082710266113,"loss_pde_cont":0.12663868069648743,"_step":33619,"loss_pde_vx":29.725927352905273,"loss_data_v":0.10638164728879929,"_runtime":278.000703874}