{"loss_pde_vy":96.5625228881836,"loss_data_p":136.18106079101562,"loss_data_u":21.508682250976562,"loss_data":157.82676696777344,"loss_pde_cont":0.9088621139526367,"_timestamp":1.74990386042154e+09,"_wandb":{"runtime":27},"_runtime":27.341498065,"loss_data_v":0.13701944053173065,"loss_pde":227.78599548339844,"_step":3000,"rho":99.86370086669922,"viscosity":1.063461184501648,"loss_pde_vx":130.3146209716797,"total_loss":1016.9198608398438}