{"loss_pde":0,"viscosity":0.005965141579508781,"_step":22697,"_runtime":737.039536643,"loss_pde_cont":0,"_wandb":{"runtime":737},"_timestamp":1.7499208837353485e+09,"loss_data_u":68286.484375,"total_loss":596897.375,"rho":92.51317596435547,"loss_data_v":765.1318359375,"loss_data":469368.0625,"loss_pde_vx":0,"loss_data_p":124109.9765625,"loss_pde_vy":0}