{"viscosity":0.0003273139300290495,"_runtime":418.523307309,"loss_data":6.848685264587402,"rho":7.190674781799316,"loss_data_v":0.09373480081558228,"loss_pde":2.8441457748413086,"loss_data_u":1.0920937061309814,"loss_data_p":5.662856578826904,"loss_pde_vx":1.8950457572937012,"total_loss":9.692831039428711,"loss_pde_vy":0.39647799730300903,"_step":50000,"_wandb":{"runtime":418},"_timestamp":1.7499046395858936e+09,"loss_pde_cont":0.5526221990585327}