{"total_loss":8.089170455932617,"loss_data_v":0.09408281743526459,"viscosity":-0.000607987167313695,"loss_pde_vx":2.411792516708374,"_step":50000,"loss_pde_cont":0.37282392382621765,"loss_data_p":3.4167683124542236,"_timestamp":1.7499082288041666e+09,"_wandb":{"runtime":442},"loss_pde":1.8741493225097656,"_runtime":442.381836018,"loss_pde_vy":0.19695274531841278,"rho":13.152742385864258,"loss_data":6.215021133422852,"loss_data_u":0.7759461402893066}