{"loss_data":37.914329528808594,"viscosity":-7.402932169497944e-06,"loss_pde_vy":1.360402620775858e-05,"loss_data_u":0.008406693115830421,"loss_data_v":0.08969353884458542,"loss_pde":0.03180471807718277,"_timestamp":1.7499186345181503e+09,"loss_pde_cont":0.00017713654960971326,"loss_pde_vx":0.00012730660091619939,"_wandb":{"runtime":233},"_step":25515,"_runtime":233.764202331,"total_loss":39.59592819213867,"rho":-5.129899363964796e-06,"loss_data_p":36.17672348022461}