{"_step":50000,"viscosity":-0.0004684490559156984,"rho":10.660144805908203,"loss_data_v":0.09313882142305374,"total_loss":7.371963977813721,"loss_pde_vx":1.2691755294799805,"_wandb":{"runtime":442},"loss_data_p":4.294816017150879,"_runtime":442.726859196,"loss_pde":1.9862213134765625,"loss_data_u":0.9977878928184509,"_timestamp":1.7499066137252212e+09,"loss_data":5.385742664337158,"loss_pde_cont":0.44469568133354187,"loss_pde_vy":0.27235010266304016}