{"loss_data_u":5.306829929351807,"_step":2813,"rho":9.099016189575195,"loss_pde":0.00404547480866313,"_runtime":93.036568029,"loss_pde_cont":3.5240580587014847e-07,"viscosity":0.009695840999484062,"loss_pde_vx":0.0004028372059110552,"loss_data_p":39.095481872558594,"loss_pde_vy":1.357860810458078e-06,"total_loss":85.4320297241211,"_timestamp":1.7499209885757983e+09,"loss_data":66.1528549194336,"loss_data_v":0.10464496910572052,"_wandb":{"runtime":93}}