{"loss_pde_cont":2.5619883992078485e-10,"loss_pde_vy":7.903957504229626e-15,"rho":9.346745491027832,"loss_data":3692.67626953125,"loss_pde_vx":1.9380001958779758e-06,"loss_data_v":2190.66162109375,"viscosity":0.00420066062361002,"_runtime":458.069772957,"_wandb":{"runtime":458},"loss_data_u":1467.863037109375,"loss_pde":1.9382564460102003e-06,"_timestamp":1.749833836836703e+09,"total_loss":18463.380859375,"_step":17161,"loss_data_p":34.15153121948242}