{"viscosity":0.004955024924129248,"loss_pde_vx":0,"_wandb":{"runtime":604},"rho":9.911907196044922,"loss_data_u":3.044585704803467,"loss_pde_cont":0,"loss_data_v":0.10540063679218292,"loss_pde_vy":0,"loss_data_p":34.304195404052734,"loss_data":37.45418167114258,"_timestamp":1.7498875874659038e+09,"_step":25883,"_runtime":604.984660133,"loss_pde":0,"total_loss":187.27090454101562}