{"loss_data":5.999350547790527,"loss_pde_vy":0.19981186091899872,"_runtime":444.887416105,"rho":13.96690559387207,"total_loss":7.864798069000244,"loss_data_p":3.260883092880249,"loss_pde_vx":2.431457996368408,"loss_pde_cont":0.3500005900859833,"viscosity":-0.0007409160607494414,"loss_pde":1.8654474020004272,"_step":50000,"_wandb":{"runtime":444},"loss_data_u":0.7553380131721497,"_timestamp":1.7499088184314153e+09,"loss_data_v":0.09449062496423721}