{"viscosity":0.17904917895793915,"_timestamp":1.7499177729710045e+09,"loss_data_v":0.09198763221502304,"rho":6.133863925933838,"_wandb":{"runtime":926},"loss_data_u":5.076224327087402,"_runtime":926.729502555,"loss_pde":2.9660301208496094,"loss_pde_cont":1.421026349067688,"loss_pde_vx":1.0149086713790894,"total_loss":15.870804786682129,"loss_data_p":7.73550271987915,"_step":100000,"loss_data":12.903715133666992,"loss_pde_vy":0.5300952196121216}